PatientID,Name,Age,Gender,Hospital,Doctor,Medicines,ImageFile
P001,Ravi Kumar,52,M,Apollo Clinic,Dr. Khan,Inj. Insulin Glargine 20 units - at bedtime - Once daily | Inj. Insulin Lispro 10 units - before meals - Thrice daily,P001_prescription.png
P002,Sita Devi,60,F,HealthFirst Center,Dr. Khan,Tab. Pioglitazone 15mg - after dinner - Once daily | Inj. Insulin Glargine 20 units - at bedtime - Once daily,P002_prescription.png
P003,Amit Sharma,45,M,City Hospital,Dr. Banerjee,Tab. Glimepiride 2mg - before breakfast - Once daily | Tab. Metformin 500mg - 1 tablet after meals - Twice daily,P003_prescription.png
P004,Neha Gupta,38,F,Metro Care,Dr. Banerjee,Tab. Pioglitazone 15mg - after dinner - Once daily | Tab. Metformin 500mg - 1 tablet after meals - Twice daily,P004_prescription.png
P005,Rajesh Singh,55,M,Apollo Clinic,Dr. Khan,Tab. Metformin 500mg - 1 tablet after meals - Twice daily | Inj. Insulin Lispro 10 units - before meals - Thrice daily,P005_prescription.png
P006,Anita Verma,62,F,Metro Care,Dr. Khan,Tab. Pioglitazone 15mg - after dinner - Once daily | Inj. Insulin Glargine 20 units - at bedtime - Once daily,P006_prescription.png
P007,Vikram Rao,47,M,HealthFirst Center,Dr. Iyer,Tab. Pioglitazone 15mg - after dinner - Once daily | Inj. Insulin Glargine 20 units - at bedtime - Once daily,P007_prescription.png
P008,Meena Patil,50,F,HealthFirst Center,Dr. Iyer,Tab. Glimepiride 2mg - before breakfast - Once daily | Inj. Insulin Lispro 10 units - before meals - Thrice daily,P008_prescription.png
P009,Arjun Mehta,35,M,City Hospital,Dr. Sharma,Tab. Glimepiride 2mg - before breakfast - Once daily | Tab. Metformin 500mg - 1 tablet after meals - Twice daily,P009_prescription.png
P010,Sunita Yadav,58,F,Apollo Clinic,Dr. Banerjee,Tab. Metformin 500mg - 1 tablet after meals - Twice daily | Tab. Pioglitazone 15mg - after dinner - Once daily,P010_prescription.png
